"Name","Count"
"JAMES","10,835,570"
"JOHN","10,682,082"
"ROBERT","10,264,073"
"MICHAEL","8,585,507"
"WILLIAM","8,004,214"
"DAVID","7,716,833"
"RICHARD","5,561,475"
"CHARLES","4,973,651"
"JOSEPH","4,585,033"
"THOMAS","4,506,656"
"CHRISTOPHER","3,379,992"
"DANIEL","3,180,785"
"PAUL","3,095,877"
"MARK","3,063,220"
"DONALD","3,040,360"
"GEORGE","3,027,297"
"KENNETH","2,697,462"
"STEVEN","2,547,241"
"EDWARD","2,543,975"
"BRIAN","2,403,550"
"RONALD","2,367,627"
"ANTHONY","2,354,565"
"KEVIN","2,191,280"
"JASON","2,155,357"
"MATTHEW","2,145,560"
"GARY","2,122,701"
"TIMOTHY","2,090,044"
"JOSE","2,001,870"
"LARRY","1,952,884"
"JEFFREY","1,930,025"
"FRANK","1,897,368"
"SCOTT","1,783,068"
"ERIC","1,776,537"
"STEPHEN","1,763,474"
"ANDREW","1,753,677"
"RAYMOND","1,593,658"
"GREGORY","1,440,171"
"JOSHUA","1,420,576"
"JERRY","1,410,779"
"DENNIS","1,355,263"
"WALTER","1,303,012"
"PATRICK","1,270,355"
"PETER","1,244,229"
"HAROLD","1,211,572"
"DOUGLAS","1,198,509"
"HENRY","1,191,978"
"CARL","1,129,930"
"ARTHUR","1,094,007"
"RYAN","1,071,147"
"ROGER","1,051,553"
"JOE","1,048,287"
"JUAN","1,031,959"
"JACK","1,028,693"
"ALBERT","1,025,428"
"JONATHAN","1,022,162"
"JUSTIN","1,015,631"
"TERRY","1,015,631"
"GERALD","1,009,099"
"KEITH","1,005,833"
"SAMUEL","999,302"
"WILLIE","986,239"
"RALPH","920,925"
"LAWRENCE","920,925"
"NICHOLAS","898,066"
"ROY","891,534"
"BENJAMIN","881,737"
"BRUCE","858,877"
"BRANDON","849,080"
"ADAM","845,815"
"HARRY","819,689"
"FRED","819,689"
"WAYNE","813,158"
"BILLY","809,892"
"STEVE","803,360"
"LOUIS","793,563"
"JEREMY","790,298"
"AARON","783,766"
"RANDY","757,641"
"HOWARD","751,109"
"EUGENE","751,109"
"CARLOS","747,844"
"RUSSELL","731,515"
"BOBBY","728,250"
"VICTOR","724,984"
"MARTIN","705,390"
"ERNEST","702,124"
"PHILLIP","695,593"
"TODD","695,593"
"JESSE","682,530"
"CRAIG","672,733"
"ALAN","666,201"
"SHAWN","653,139"
"CLARENCE","643,342"
"SEAN","643,342"
"PHILIP","643,342"
"CHRIS","643,342"
"JOHNNY","636,810"
"EARL","630,279"
"JIMMY","623,747"
"ANTONIO","620,482"
"DANNY","620,482"
"BRYAN","620,482"
"TONY","620,482"
"LUIS","617,216"
"MIKE","617,216"
"STANLEY","607,419"
"LEONARD","607,419"
"NATHAN","604,153"
"DALE","600,888"
"MANUEL","591,090"
"RODNEY","587,825"
"CURTIS","587,825"
"NORMAN","578,028"
"ALLEN","568,231"
"MARVIN","558,434"
"VINCENT","548,636"
"GLENN","545,371"
"JEFFERY","542,105"
"TRAVIS","542,105"
"JEFF","542,105"
"CHAD","538,839"
"JACOB","538,839"
"LEE","529,042"
"MELVIN","529,042"
"ALFRED","529,042"
"KYLE","522,511"
"FRANCIS","522,511"
"BRADLEY","519,245"
"JESUS","506,182"
"HERBERT","506,182"
"FREDERICK","502,917"
"RAY","499,651"
"JOEL","496,385"
"EDWIN","483,323"
"DON","473,525"
"EDDIE","470,260"
"RICKY","460,463"
"TROY","450,666"
"RANDALL","450,666"
"BARRY","437,603"
"ALEXANDER","431,071"
"BERNARD","414,743"
"MARIO","408,212"
"LEROY","408,212"
"FRANCISCO","404,946"
"MARCUS","404,946"
"MICHEAL","401,680"
"THEODORE","401,680"
"CLIFFORD","401,680"
"MIGUEL","398,415"
"OSCAR","398,415"
"JAY","385,352"
"JIM","385,352"
"TOM","382,086"
"CALVIN","375,555"
"ALEX","375,555"
"JON","375,555"
"RONNIE","369,023"
"BILL","365,758"
"LLOYD","365,758"
"TOMMY","365,758"
"LEON","365,758"
"DEREK","365,758"
"WARREN","359,226"
"DARRELL","352,695"
"JEROME","352,695"
"FLOYD","349,429"
"LEO","346,163"
"ALVIN","342,898"
"TIM","339,632"
"WESLEY","339,632"
"GORDON","339,632"
"DEAN","339,632"
"GREG","339,632"
"JORGE","339,632"
"DUSTIN","336,366"
"PEDRO","336,366"
"DERRICK","336,366"
"DAN","329,835"
"LEWIS","323,304"
"ZACHARY","323,304"
"COREY","320,038"
"HERMAN","316,772"
"MAURICE","316,772"
"VERNON","316,772"
"ROBERTO","316,772"
"CLYDE","310,241"
"GLEN","306,975"
"HECTOR","306,975"
"SHANE","303,709"
"RICARDO","303,709"
"SAM","300,444"
"RICK","297,178"
"LESTER","297,178"
"BRENT","293,912"
"RAMON","293,912"
"CHARLIE","293,912"
"TYLER","290,647"
"GILBERT","290,647"
"GENE","284,115"
"MARC","284,115"
"REGINALD","274,318"
"RUBEN","267,787"
"BRETT","267,787"
"ANGEL","267,787"
"NATHANIEL","264,521"
"RAFAEL","264,521"
"LESLIE","264,521"
"EDGAR","261,255"
"MILTON","261,255"
"RAUL","257,990"
"BEN","254,724"
"CHESTER","254,724"
"CECIL","254,724"
"DUANE","251,458"
"FRANKLIN","251,458"
"ANDRE","248,193"
"ELMER","241,661"
"BRAD","238,396"
"GABRIEL","238,396"
"RON","235,130"
"MITCHELL","235,130"
"ROLAND","235,130"
"ARNOLD","235,130"
"HARVEY","235,130"
"JARED","231,864"
"ADRIAN","225,333"
"KARL","225,333"
"CORY","222,067"
"CLAUDE","222,067"
"ERIK","222,067"
"DARRYL","218,801"
"JAMIE","215,536"
"NEIL","215,536"
"JESSIE","212,270"
"CHRISTIAN","212,270"
"JAVIER","212,270"
"FERNANDO","212,270"
"CLINTON","212,270"
"TED","209,004"
"MATHEW","209,004"
"TYRONE","209,004"
"DARREN","209,004"
"LONNIE","209,004"
"LANCE","205,739"
"CODY","205,739"
"JULIO","205,739"
"KELLY","205,739"
"KURT","202,473"
"ALLAN","199,207"
"NELSON","199,207"
"GUY","195,942"
"CLAYTON","195,942"
"HUGH","195,942"
"MAX","192,676"
"DWAYNE","192,676"
"DWIGHT","189,410"
"ARMANDO","189,410"
"FELIX","189,410"
"JIMMIE","189,410"
"EVERETT","186,145"
"JORDAN","182,879"
"IAN","182,879"
"WALLACE","182,879"
"KEN","179,613"
"BOB","179,613"
"JAIME","179,613"
"CASEY","176,347"
"ALFREDO","176,347"
"ALBERTO","173,082"
"DAVE","173,082"
"IVAN","173,082"
"JOHNNIE","169,816"
"SIDNEY","169,816"
"BYRON","169,816"
"JULIAN","169,816"
"ISAAC","166,550"
"MORRIS","166,550"
"CLIFTON","163,285"
"WILLARD","163,285"
"DARYL","163,285"
"ROSS","163,285"
"VIRGIL","160,019"
"ANDY","160,019"
"MARSHALL","160,019"
"SALVADOR","160,019"
"PERRY","160,019"
"KIRK","160,019"
"SERGIO","160,019"
"MARION","156,753"
"TRACY","156,753"
"SETH","156,753"
"KENT","156,753"
"TERRANCE","156,753"
"RENE","156,753"
"EDUARDO","153,488"
"TERRENCE","153,488"
"ENRIQUE","150,222"
"FREDDIE","150,222"
"WADE","146,956"
